[
  {
    "game": "Mobile Legends",
    "id": "mlbb_diamond_86",
    "name": "86 Diamonds",
    "price": 22000
  },
  {
    "game": "Mobile Legends",
    "id": "mlbb_diamond_172",
    "name": "172 Diamonds",
    "price": 44000
  },
  {
    "game": "Mobile Legends",
    "id": "mlbb_diamond_345",
    "name": "345 Diamonds",
    "price": 88000
  },
  {
    "game": "Mobile Legends",
    "id": "mlbb_diamond_690",
    "name": "690 Diamonds",
    "price": 175000
  },
  {
    "game": "Mobile Legends",
    "id": "mlbb_diamond_1380",
    "name": "1380 Diamonds",
    "price": 350000
  },
  {
    "game": "Mobile Legends",
    "id": "mlbb_diamond_2760",
    "name": "2760 Diamonds",
    "price": 700000
  },
  {
    "game": "Mobile Legends",
    "id": "mlbb_diamond_4140",
    "name": "4140 Diamonds",
    "price": 1050000
  },
  {
    "game": "Mobile Legends",
    "id": "mlbb_diamond_5520",
    "name": "5520 Diamonds",
    "price": 1400000
  },
  {
    "game": "Mobile Legends",
    "id": "mlbb_diamond_6900",
    "name": "6900 Diamonds",
    "price": 1750000
  },
  {
    "game": "Mobile Legends",
    "id": "mlbb_diamond_8280",
    "name": "8280 Diamonds",
    "price": 2100000
  },
  {
    "game": "Mobile Legends",
    "id": "mlbb_diamond_9660",
    "name": "9660 Diamonds",
    "price": 2450000
  },
  {
    "game": "Mobile Legends",
    "id": "mlbb_diamond_11040",
    "name": "11040 Diamonds",
    "price": 2800000
  },
  {
    "game": "Mobile Legends",
    "id": "mlbb_diamond_12420",
    "name": "12420 Diamonds",
    "price": 3150000
  },
  {
    "game": "Mobile Legends",
    "id": "mlbb_diamond_13800",
    "name": "13800 Diamonds",
    "price": 3500000
  },
  {
    "game": "Mobile Legends",
    "id": "mlbb_diamond_15180",
    "name": "15180 Diamonds",
    "price": 3850000
  },
  {
    "game": "Mobile Legends",
    "id": "mlbb_diamond_16560",
    "name": "16560 Diamonds",
    "price": 4200000
  },
  {
    "game": "Mobile Legends",
    "id": "mlbb_diamond_17940",
    "name": "17940 Diamonds",
    "price": 4550000
  },
  {
    "game": "Mobile Legends",
    "id": "mlbb_diamond_19320",
    "name": "19320 Diamonds",
    "price": 4900000
  },
  {
    "game": "Mobile Legends",
    "id": "mlbb_diamond_20700",
    "name": "20700 Diamonds",
    "price": 5250000
  },
  {
    "game": "Mobile Legends",
    "id": "mlbb_diamond_22080",
    "name": "22080 Diamonds",
    "price": 5600000
  },
  {
    "game": "Mobile Legends",
    "id": "mlbb_diamond_23460",
    "name": "23460 Diamonds",
    "price": 5950000
  },
  {
    "game": "Mobile Legends",
    "id": "mlbb_diamond_24840",
    "name": "24840 Diamonds",
    "price": 6300000
  },
  {
    "game": "Mobile Legends",
    "id": "mlbb_diamond_26220",
    "name": "26220 Diamonds",
    "price": 6650000
  },
  {
    "game": "Mobile Legends",
    "id": "mlbb_diamond_27600",
    "name": "27600 Diamonds",
    "price": 7000000
  }
]
{
    "game": "Mobile Legends",
    "id": "mlbb_diamond_28980",
    "name": "28980 Diamonds",
    "price": 7350000
  },
  {
    "game": "Mobile Legends",
    "id": "mlbb_diamond_30360",
    "name": "30360 Diamonds",
    "price": 7700000
  },
  {
    "game": "Mobile Legends",
    "id": "mlbb_diamond_31740",
    "name": "31740 Diamonds",
    "price": 8050000
  },
  {
    "game": "Mobile Legends",
    "id": "mlbb_diamond_33120",
    "name": "33120 Diamonds",
    "price": 8400000
  }

{
    "game": "Mobile Legends",
    "id": "mlbb_diamond_34500",
    "name": "34500 Diamonds",
    "price": 8750000
  },
  {
    "game": "Mobile Legends",
    "id": "mlbb_diamond_35880",
    "name": "35880 Diamonds",
    "price": 9100000
  },
  {
    "game": "Mobile Legends",
    "id": "mlbb_diamond_37260",
    "name": "37260 Diamonds",
    "price": 9450000
  },
  {
    "game": "Mobile Legends",
    "id": "mlbb_diamond_38640",
    "name": "38640 Diamonds",
    "price": 9800000
  }

{
    "game": "Mobile Legends",
    "id": "mlbb_diamond_40020",
    "name": "40020 Diamonds",
    "price": 10150000
  },
  {
    "game": "Mobile Legends",
    "id": "mlbb_diamond_41400",
    "name": "41400 Diamonds",
    "price": 10500000
  },
  {
    "game": "Mobile Legends",
    "id": "mlbb_diamond_42780",
    "name": "42780 Diamonds",
    "price": 10850000
  },
  {
    "game": "Mobile Legends",
    "id": "mlbb_diamond_44160",
    "name": "44160 Diamonds",
    "price": 11200000
  }

{
    "game": "Mobile Legends",
    "id": "mlbb_diamond_45540",
    "name": "45540 Diamonds",
    "price": 11550000
  },
  {
    "game": "Mobile Legends",
    "id": "mlbb_diamond_46920",
    "name": "46920 Diamonds",
    "price": 11900000
  },
  {
    "game": "Mobile Legends",
    "id": "mlbb_diamond_48300",
    "name": "48300 Diamonds",
    "price": 12250000
  },
  {
    "game": "Mobile Legends",
    "id": "mlbb_diamond_49680",
    "name": "49680 Diamonds",
    "price": 12600000
  }

{
    "game": "Mobile Legends",
    "id": "mlbb_diamond_51060",
    "name": "51060 Diamonds",
    "price": 12950000
  },
  {
    "game": "Mobile Legends",
    "id": "mlbb_diamond_52440",
    "name": "52440 Diamonds",
    "price": 13300000
  },
  {
    "game": "Mobile Legends",
    "id": "mlbb_diamond_53820",
    "name": "53820 Diamonds",
    "price": 13650000
  },
  {
    "game": "Mobile Legends",
    "id": "mlbb_diamond_55200",
    "name": "55200 Diamonds",
    "price": 14000000
  }

{
    "game": "Mobile Legends",
    "id": "mlbb_diamond_56580",
    "name": "56580 Diamonds",
    "price": 14350000
  },
  {
    "game": "Mobile Legends",
    "id": "mlbb_diamond_57960",
    "name": "57960 Diamonds",
    "price": 14700000
  },
  {
    "game": "Mobile Legends",
    "id": "mlbb_diamond_59340",
    "name": "59340 Diamonds",
    "price": 15050000
  },
  {
    "game": "Mobile Legends",
    "id": "mlbb_diamond_60720",
    "name": "60720 Diamonds",
    "price": 15400000
  }

{
    "game": "Mobile Legends",
    "id": "mlbb_diamond_62100",
    "name": "62100 Diamonds",
    "price": 15750000
  },
  {
    "game": "Mobile Legends",
    "id": "mlbb_diamond_63480",
    "name": "63480 Diamonds",
    "price": 16100000
  },
  {
    "game": "Mobile Legends",
    "id": "mlbb_diamond_64860",
    "name": "64860 Diamonds",
    "price": 16450000
  },
  {
    "game": "Mobile Legends",
    "id": "mlbb_diamond_66240",
    "name": "66240 Diamonds",
    "price": 16800000
  }

{
    "game": "Mobile Legends",
    "id": "mlbb_diamond_67620",
    "name": "67620 Diamonds",
    "price": 17150000
  },
  {
    "game": "Mobile Legends",
    "id": "mlbb_diamond_69000",
    "name": "69000 Diamonds",
    "price": 17500000
  },
  {
    "game": "Mobile Legends",
    "id": "mlbb_diamond_70380",
    "name": "70380 Diamonds",
    "price": 17850000
  },
  {
    "game": "Mobile Legends",
    "id": "mlbb_diamond_71760",
    "name": "71760 Diamonds",
    "price": 18200000
  }

{
    "game": "Mobile Legends",
    "id": "mlbb_diamond_73140",
    "name": "73140 Diamonds",
    "price": 18550000
  },
  {
    "game": "Mobile Legends",
    "id": "mlbb_diamond_74520",
    "name": "74520 Diamonds",
    "price": 18900000
  },
  {
    "game": "Mobile Legends",
    "id": "mlbb_diamond_75900",
    "name": "75900 Diamonds",
    "price": 19250000
  },
  {
    "game": "Mobile Legends",
    "id": "mlbb_diamond_77280",
    "name": "77280 Diamonds",
    "price": 19600000
  }
{
    "game": "Mobile Legends",
    "id": "mlbb_diamond_78660",
    "name": "78660 Diamonds",
    "price": 19950000
  },
  {
    "game": "Mobile Legends",
    "id": "mlbb_diamond_80040",
    "name": "80040 Diamonds",
    "price": 20300000
  },
  {
    "game": "Mobile Legends",
    "id": "mlbb_diamond_81420",
    "name": "81420 Diamonds",
    "price": 20650000
  },
  {
    "game": "Mobile Legends",
    "id": "mlbb_diamond_82800",
    "name": "82800 Diamonds",
    "price": 21000000
  }

